pathway,pval,padj,log2err,ES,NES,size,leadingEdge,database,contrast
GOSLIM_AMINO_ACID_METABOLIC_PROCESS,0.15873015873015872,0.31746031746031744,0.16693384871319314,-0.24191068356801498,-1.1295041549378528,121,Ahcy;Gstz1;Gls;Blmh;Hsd17b10;Crtap;Fah;Bcat1;Etfa;Enoph1;Aldh18a1;Pycr1;Sephs1;Pycr2;Pcmt1;Slc25a12;Iars1;Rars2;Pcca;Rars1;Psat1;Got2;Auh;Mars1;Asrgl1;Cad;Ivd;Atp2b4;Oat;Etfb;Phgdh;Spr;P4ha1;Bcat2,GO Slim,CTLvPHE
GOSLIM_CHROMOSOME_SEGREGATION,0.017019074660558804,0.12487207834444589,0.35248785758361917,-0.28485341364137673,-1.3689005429162489,146,Dlgap5;Arl8a;Ctcf;Ube2i;Mad2l1;Cdc23;Rps3;Ik;Gtf2b;Mapre2;Haus6;Becn1;Rab11a;Top1;Mapre1;Nsmce2;Nudc;Ppp2r2a;Bccip;Bub3;Ciao1;Zfp207;Cltc;Arl8b;Tubb5;Ccne1;Tubg1;Dis3l2;Cdk1;Ppp2r1a;Ran;Chmp2b;Bcas2;Smc2;Drg1;Dync1h1;Kif2a;Uvrag;Fbxo30;Hnrnpu;Rad21;Mapk15;Csnk2a1;Chmp3,GO Slim,CTLvPHE
GOSLIM_CILIUM_ORGANIZATION,0.27256317689530685,0.39370236662655433,0.10839425585339667,0.2550475818424062,1.1035734708247302,88,Pcm1;Trim32;Gsn;Rabep2;Lama5;Dynlt2b;Nudcd3;Asap1;Wdr44;Hdac6;Cyld;Kctd17;Kif3a;Arhgap35;Unc119b;Atg3;Yap1;Lima1;Grk2;Gorab;Micall1,GO Slim,CTLvPHE
GOSLIM_CYTOKINESIS,0.5202205882352942,0.6440826330532213,0.072714107793444685,0.22946853053262053,0.9816309098252757,85,Birc6;Mtmr3;Anln;Snx18;Rock1;Rhoa;Rock2;Pin1;Chmp4b;Gipc1;Prkce;Wnk1;Usp8;Stambp;Myh10;Vps4a;Git1;Myh9;Nup62,GO Slim,CTLvPHE
GOSLIM_CYTOPLASMIC_TRANSLATION,0.7643020594965675,0.7933579335793358,0.06450312496564929,-0.18507158736348917,-0.8886878423137081,143,Rpl35;Ltn1;Nck1;Eif2b1;Eif3k;Skic3;Eif4a2;Eif3m;Paip1;Gigyf2;Eif3e;Eif3l;Sh3bgrl;Eif4a1;Eif2s3;Ascc2;Rps9;Eif3i;Rplp0;Rpl3;Trip4;Eif3f;Rpl18a;Rack1;Pelo;Etf1;Eif2s2;Eif5;Drg1;Ascc3;Tcf25;Rnf14;Eif2ak4;Hnrnpu;Rpl10;Rpl29;Rpl11;Cpeb2;Rwdd1;Ufsp2;Mrpl58;Rpl7;Rpl37a,GO Slim,CTLvPHE
GOSLIM_DETOXIFICATION,0.6716101694915254,0.779912369396697,0.06705125798294667,-0.21278368583918744,-0.8842625836536759,60,Gstz1;Gpx8;Prdx3;Mgst2;Gstm5;Adk;Lancl1;Gstm1;Gstm2;Pgp;Fbln5;Prdx2;Clic1;Adh5;Gatd1;Pxdn;Prdx1,GO Slim,CTLvPHE
GOSLIM_DIGESTION,0.40977443609022557,0.5327067669172932,0.08653997374441245,0.3193038184616994,1.0242183941933714,22,Ezr;Vamp8;Hip1r;Pawr;Hspb1;Lima1;Wnk1,GO Slim,CTLvPHE
GOSLIM_DNA_RECOMBINATION,0.029553496136063655,0.1280651499229425,0.35248785758361917,-0.3153193133267393,-1.4034466429482129,91,Terf2;Mcm7;Rpa1;H1f10;Prmt1;Xrcc6;Hdac10;Ubr2;Wdr48;Ube2n;H1f2;Yy1;Nsmce2;Polb;Chd4;Rpa2;Mcm4;Foxp1;Parp3;Inip;Ruvbl1;Actb;Ndfip1;Nono;Smc2;Smchd1;Mcm5;Senp3;Rad21;Csnk2a1;Msh6,GO Slim,CTLvPHE
GOSLIM_DNA_REPLICATION,0.024013861220085746,0.12487207834444589,0.35248785758361917,-0.3091464531127253,-1.3870966732834507,100,Rfc1;Ube2v2;Mcm7;Rpa1;Rbbp6;Rac1;Top1;Cdk2;Ube2n;Yy1;Ilkap;Ube2v1l1;Mcm6;Pola2;Polb;Rfc5;Cacybp;Ccne1;Rpa2;Mcm4;Cdk1;Ruvbl1;Pcna;Rfc4;Jun;Rbbp7;Ssrp1;Nfic;Mcm5;Mapk15;Carm1;Bod1l1;Recql;Zmpste24;Dhfr;Mcm2;Stn1;Nfib;Pds5a;Pole3,GO Slim,CTLvPHE
GOSLIM_ESTABLISHMENT_OR_MAINTENANCE_OF_CELL_POLARITY,0.23550724637681159,0.38269927536231885,0.11828752612408502,0.2598119955413237,1.1371214702058319,98,Myo18a;Ehbp1l1;Dst;Fat1;Phldb2;Ezr;Macf1;Amotl2;Gsn;Rhoa;Itgb1;Flot2;Arhgef2;Abl1;Myo9b;Kif3a;Arhgap35;Pak1,GO Slim,CTLvPHE
GOSLIM_EXTRACELLULAR_MATRIX_ORGANIZATION,0.023165416607637893,0.12487207834444589,0.35248785758361917,0.3161933734065447,1.3926545128342758,102,Ccn2;Myo1e;Ccn1;Fkbp10;Pbxip1;Col11a1;Phldb2;Mia3;Nfkb2;Col5a2;Lamc1;Lamb2;Lox;Sulf1;Nid1;Itgb1;Lamb1;Col12a1;Dag1;Gas6;Abl1;Colgalt1;Eng,GO Slim,CTLvPHE
GOSLIM_GLYCOPROTEIN_METABOLIC_PROCESS,0.1515837104072398,0.31746031746031744,0.17093233537005617,-0.2477751729432849,-1.1460299405041061,116,Ogt;Man2b1;Hexa;Alg5;Galnt16;Psen1;Rpn2;Ddost;Man1b1;Dad1;Tm9sf2;Poglut1;Rpn1;Porcn;Ctnnb1;Erp44;Glce;Hexb;Plod3;Galnt1;Tmem165;Pofut2;Ube2j1;Pofut4;Tusc3;Ugdh;Slc35b2;Gorasp1;B3glct;Ext2;Man2a1;Alg9;Tmtc3;Chsy1,GO Slim,CTLvPHE
GOSLIM_KETONE_METABOLIC_PROCESS,0.19148936170212766,0.3556231003039514,0.1455161460903603,-0.27520264978159836,-1.167290067853376,69,Cpt1a;Nme1;Hsd17b10;Pptc7;Gk;Vkorc1;Coq9;Avpr1a;Cbr3;Anxa1;Nme2;Dab2;Dhrs4;Sirt5;Dhrs9;Gatd1;Aldoa;Pgk1;Vkorc1l1;Akr1a1;Akr1b1;Eif6;Prmt3;Pdpr;Cbr1;Pdp1;Tpk1;Pank2;Erlin1;Mid1ip1,GO Slim,CTLvPHE
GOSLIM_MITOCHONDRION_ORGANIZATION,0.2591743119266055,0.39370236662655433,0.1281429168984153,-0.21218592149777415,-1.0725480255553985,199,Ndufaf1;Marchf5;Fam162a;Ctcf;Bcl2l13;Romo1;Hsd17b10;Uqcc4;Mtx1;Enpp1;Plscr3;Uqcc1;Foxred1;Ccar2;Lmna;Yme1l1;Prdx3;Ndufs5;Oxa1l;Ndufa13;Yy1;Vps13a;Sdhaf4;Bak1;Ddhd1;Phb1;Acad9;Agk;Fis1;Afg3l1;Htra2;Vps35;Mcu;Dnm1l;Gsk3b;Timm10;Timm22;Gba1;Ociad2;Mtx2;Taco1;Samm50;Ecsit;Vdac2;Timm50;Slirp;Mtch1;Man2a1;Uqcc2;Sh3glb1,GO Slim,CTLvPHE
GOSLIM_MITOTIC_NUCLEAR_DIVISION,0.11711711711711711,0.31746031746031744,0.19578900214894943,-0.2610118053607113,-1.1895190355562093,106,Mad2l1;Cdc23;Ik;Cul7;Becn1;Rab11a;Mapre1;Nsmce2;Nudc;Bccip;Rgcc;Eps8;Zfp207;Cltc;Pdgfrb;Igf1r;Tubg1;Ankle2;Dis3l2;Cdk1;Ppp2r1a;Ran;Chmp2b;Smc2;Drg1;Obsl1;Nsfl1c;Kif2a;Hnrnpu;Rad21;Chmp3;Ccdc8;Numa1;Lsm14a;Zwint;Brox;Nfib,GO Slim,CTLvPHE
GOSLIM_NUCLEOCYTOPLASMIC_TRANSPORT,0.2242562929061785,0.38269927536231885,0.13880510939113969,-0.22268048700058612,-1.0980104171630738,170,Iws1;Heatr3;Pabpn1;Kpna3;Ube2i;Gpn3;Ei24;Nup93;Agap3;Ltv1;Rab23;Cdkn1a;Lmna;Eif4a3;Rangap1;Ddx39b;Hnrnpa1;Pola2;Xpo1;Rbm8a;Ncbp1;Smurf1;Eny2;Ipo9;Poldip3;Tnpo2;Ahcyl1;Pom121;Trim28;Ipo5;Gsk3b;Ipo7;Nup107;Nup155;Tnpo1;Cdk1;Ran;Nup58;Prkd1;Ipo8;Rab18;Prkag1;Prkaca;Nolc1;Dyrk1a,GO Slim,CTLvPHE
GOSLIM_PEROXISOME_ORGANIZATION,0.689922480620155,0.779912369396697,0.06143641072012707,0.27728378968779765,0.8346391272178563,18,Acox1;Pex19;Mff;Acot8;Mavs;Pex14,GO Slim,CTLvPHE
GOSLIM_PROTEIN_FOLDING,0.06797853309481217,0.22093023255813954,0.23112670967383428,0.27642878378145214,1.274178378196038,137,Unc45b;Fkbp1a;Fkbp10;Dnajb11;Cmc1;Hspe1;Nudcd3;Hspa4;Anp32e;Pfdn5;Dnajc1;Pex19;Cdc37;Hspa5;Pfdn6;Aifm1;B2m;Bag3;Cct6b;Hypk;Wipf1;Hspb1;Hspb6;Dnajc2;Pbdc1;Hspa9;Sdf2l1;P4hb;Hspa8;Mesd;Coa3;Dnajb6;Hspa1l;Txndc5;Pfdn4;Grn;Chordc1;Ranbp2;Pfdn2;Pdia3;Khsrp;Zpr1;Cdc37l1;Dnajb12;Tbcb;Tbca;Pdia4;Bag5,GO Slim,CTLvPHE
GOSLIM_PROTEIN_LOCALIZATION_TO_PLASMA_MEMBRANE,3.437461194446073e-5,8.937399105559789e-4,0.557332238758646,0.38418261369914236,1.8147698075458059,157,Itga3;Itgb1bp1;Prepl;Sytl2;Golga4;Zdhhc5;Ezr;Pacs1;Palm;Macf1;Vamp8;Picalm;Sec16a;Bsg;Rock1;Arfrp1;Lama5;Pdpk1;Itgb1;Gga1;Vti1b;Ppfia1;Rab31;Csrp3;Sqstm1;Epb41l3;Flot2;Nsf;Gas6;Optn;Arl6ip5;Kif5b;Stx4;Rock2;Myo5a;Pgrmc1;Scarb2;Stxbp1;Stx8,GO Slim,CTLvPHE
GOSLIM_RENAL_SYSTEM_PROCESS,0.38104089219330856,0.5214243787908432,0.08998607949971373,0.30846060755892873,1.0560764925921828,29,Itga3;Myo1e;Cd2ap;Gsn;Sulf1,GO Slim,CTLvPHE
GOSLIM_RESPIRATORY_SYSTEM_PROCESS,0.7854477611940298,0.7933579335793358,0.05356693847709506,0.26937567894901737,0.7715026263751198,15,Tnnc1;Cc2d1a;Rab3a;Ndufs4;Hmga1;Gaa,GO Slim,CTLvPHE
GOSLIM_RIBOSOME_BIOGENESIS,0.04489007562819073,0.16673456661899413,0.3217759180753611,-0.27630887497476075,-1.3017767706552752,125,Pes1;Heatr3;Lsm6;Rps17;Rpl35;Myg1;Rrp1b;Lyar;Npm3;Ltv1;Rps5;Eif4a3;Xpo1;Sart1;Rps9;Pwp1;Ddx21;Bysl;Rps19;Rplp0;Rps15a;Eif1ax;Rps10;Dis3;Dkc1;Ran;Nop2;Sbds;Rps7;Eri3;Mybbp1a;Alg9;Eif5;Ddx56;Rps13;Pa2g4;Cul4a;Nup88;Rpl11;Pten;Rpl7;Eif6;Exosc1;Dhx29;Ncl;Rpl35a;Snu13;Lsg1;Eif5b;Pin4;Mtrex;Rps16,GO Slim,CTLvPHE
GOSLIM_TELOMERE_ORGANIZATION,2.443763720512781e-4,0.0031768928366666155,0.49849310876659025,-0.45646680505551307,-1.9004529038357816,63,Terf2;Rpa1;Xrcc6;Ppp1r10;Cdk2;Lmna;Yy1;Nsmce2;Parn;Hnrnpa1;Ctnnb1;Ccne1;Hnrnpc;Rpa2;Parp3;Dkc1;Ruvbl1;Cct6a;Pcna;Hnrnpa2b1;Hnrnpu;Ten1;Mapk15;Ppp1ca;Cct5;Cct2;Cct3;Nek7;Stn1;Tcp1;Src;Ruvbl2;Cct8,GO Slim,CTLvPHE
GOSLIM_TRNA_METABOLIC_PROCESS,0.7933579335793358,0.7933579335793358,0.05258989506236159,0.19574995148426452,0.8256811468005157,78,Tsen34;Tprkb;Lrrc47;Elac2;Urm1;Yrdc;Dus3l;Wars1;Pop1;Grsf1;Ears2;Eprs1;Dtd1,GO Slim,CTLvPHE
GOSLIM_VITAMIN_METABOLIC_PROCESS,0.1413934426229508,0.31746031746031744,0.16823816568963962,-0.5190357374881649,-1.3567200988543815,10,Nfkb1;Cbr3;Rfk-ps3;Akr1a1;Prmt3;Cbr1;Tpk1;Thtpa,GO Slim,CTLvPHE
GOSLIM_WOUND_HEALING,0.13553113553113552,0.31746031746031744,0.1619789488834018,0.2614000218137415,1.1972637078810824,135,Thbs1;Dst;Fkbp10;Wfdc1;Phldb2;Mia3;Papss2;Actg1;Macf1;Slc12a2;Rhoa;Itgb1;Coro1b;Bloc1s4;Prkcd;Arhgef2;Dag1;Gas6;Cnn2;Eng;Chmp4b;Stxbp1;Arhgap35;Jag1;Yap1;Pak1;Hras;Prkce;Dysf;Tspan9;Serpinc1;Myh10;Prcp;Mcam;Rab3a;Pip5k1c;Arhgap24;Col3a1,GO Slim,CTLvPHE
GOSLIM_AMINO_ACID_METABOLIC_PROCESS,0.019539558904075556,0.25401426575298225,0.35248785758361917,0.3065603679443478,1.4345973182279081,121,Dld;Hibch;Glud1;Mtap;Dlst;Oat;Etfb;Ivd;Pycr2;Mccc1;Got2;Acadsb;Scly;Gpt2;Slc25a12;Sars1;Aldh7a1;Farsa;Pcca;Acad8;Kyat1;Aldh6a1;Dbt;Psat1;Rars1;Enoph1;Farsb;Gclm;Shmt1;Etfa;Bcat1;Ppat;Shmt2;Echs1;Gars1;Ero1a;Psph;Got1;Fh;Pycr1;Acat1;Bcat2;Aldh4a1,GO Slim,CTLvMITO
GOSLIM_CHROMOSOME_SEGREGATION,0.9598470363288719,0.9598470363288719,0.04549678100850074,-0.15749056650959647,-0.761704209769201,146,Ube2i;Bccip;Rcc2;Lsm14a;Smarcad1;Becn1;Vps4b;Ciao2b;Chmp4b;Chmp2b;Chmp1a;Anapc1;Vps4a;Flna;Eml4;Chmp5;Tubb4b;Gtf2b;Dis3l2;Mapre2;Pam;Brd4;Tubb3;Akap8;Golga2,GO Slim,CTLvMITO
GOSLIM_CILIUM_ORGANIZATION,0.17315175097276264,0.4501945525291829,0.14641623786055022,-0.2643947501441309,-1.169174512069699,88,Asap1;Tulp3;Ccdc32;Dnaaf5;Nectin2;Grk2;Yap1;Rilpl1;Snap29;Gsk3b;Nherf1;Atg5;Fnbp1l;Kif3a;Yif1b;Map4;Flna;Atg3;Dnm2;Dnal1;Hdac6;Htt;Nme7;Ehd3;Dtnbp1;Kctd17;Mapre1;B3glct;Arl3;Septin7;Wdr44;Atp6v1d;Rabep2;Cyld;Wwtr1;Kif3b;Micall1;Dynll1;Armc9;Gorab;Ift27,GO Slim,CTLvMITO
GOSLIM_CYTOKINESIS,0.21887550200803213,0.47423025435073624,0.13077713797197438,0.25678341732007565,1.139406099544361,86,Septin5;Arf6;Anxa11;Snx18;Unc119;Rasa1;Birc6;Dctn3l1;Spast;Rtkn;Rhoc;Septin9;Exoc7;Washc5;Fsd1;Atxn10;Septin2;Septin10;Chmp3;Cul3;Chmp1b;Rhob;Sptbn1;Cdc42;Snx9;Myh9;Stambp;Myh10;Iqgap1;Son;Actr3;Actr2;Kif4a;Ist1;Rab35,GO Slim,CTLvMITO
GOSLIM_CYTOPLASMIC_TRANSLATION,0.13984674329501914,0.4474187380497132,0.16318012718068908,-0.2417852157667907,-1.169347263080756,143,Sh3bgrl;Rpl26;Rpl35a;Rpl27a;Rpl24;Trip4;Rpl28l4;Eif4ebp1;Rpl5;Dhx36;Eif3j;Rplp1;Rpl13;Rps24;Rps23;Skic2;Rpl10;LOC134480579;Cpeb2;Denr;Rpl37a;Eif5;Rps29;Rpl31;Rpl36a;Nemf;Rpl13a;Rpl15;Eif2s3;Trnt1;Ascc3;Eif2ak2;Rpl7a;Eif2b3;Rpl4;Rwdd1;Rplp2;Cnbp;Rpl18;Rpl29;Rpl6;Rpl7;Igf2bp1;Rpl23a;Rnf25,GO Slim,CTLvMITO
GOSLIM_DETOXIFICATION,0.34,0.6314285714285715,0.10099058745592349,0.25711212177533777,1.0616439707760352,60,Sod2;Prxl2a;Gpx4;Ptgs2;Nnt;Gstm5;Prdx3;Mtarc2;Nqo1;Akr7a2;Pgp;Prdx2;Nxn;Akr1a1;Suclg1;Dhfr;Gsto1,GO Slim,CTLvMITO
GOSLIM_DIGESTION,0.8161616161616162,0.8841750841750842,0.05547933087042326,-0.23709735948150346,-0.7662918596376388,22,Ldlr;Rplp1;Ireb2;Pawr;Npr3,GO Slim,CTLvMITO
GOSLIM_DNA_RECOMBINATION,0.060546875,0.29075722617535404,0.25720646646883816,-0.29293302272017085,-1.3009147639631293,91,Xrcc1;Htatsf1;Hdac10;Smarcad1;Lig3;Foxp1;Yy1;Msh6;Hmgb2;Hmgb1;Smchd1;Hdgfl2;Xrcc6;Nbn;Tcf3;Hspd1;Rnf126;Parp3;Rpa2;Xrcc4;Xrcc5;Mcm4;Mcm5;Rpa3l1;Ndfip1;H4f3;Nucks1;Rpa1;Nabp2;Ubr2;Polb;Sfr1;Abl1,GO Slim,CTLvMITO
GOSLIM_DNA_REPLICATION,0.8028169014084507,0.8841750841750842,0.05605958750323349,0.18338249803567938,0.8369067718486036,100,Ruvbl1;Vcp;Supt16h;Smarca5;Cacybp;Rac1;Ssrp1;Dhx9;Mcm6;Rfc3;Cdk1;Lig1;Map2k4;Actl6a;Asf1a;Gtpbp4;Wdhd1;Shmt1;Grwd1;Stn1;Cst3;Dhfr;Rfc1;Uchl5;Cdc42;Rad50;Mre11,GO Slim,CTLvMITO
GOSLIM_ESTABLISHMENT_OR_MAINTENANCE_OF_CELL_POLARITY,0.49387755102040815,0.8337231968810916,0.08085891502800323,0.21855905165180667,0.9920062151051956,98,Flot2;Myo18a;Arf6;Dst;Rap1b;Parva;Arf4;Rac1;Actb;Rras2;Kank1;Scrib;Rras;Ilk;Clasp2;Zw10;Crk;Clasp1;Crkl;Golph3;Fat1;Rab10;Arhgap35;Lmna;Amotl2;Itgb1;Numa1;Cdc42;Rack1;Frmd4a;Myh9;Mark2,GO Slim,CTLvMITO
GOSLIM_EXTRACELLULAR_MATRIX_ORGANIZATION,0.2072936660268714,0.47423025435073624,0.13145761164276346,-0.2507722264091737,-1.140481283936777,103,Col3a1;Fbln1;Col11a1;Ddr2;Lamb2;Col5a1;Tgfb2;Ccdc80;Col1a1;Fkbp10;Col1a2;Dnajb6;Col5a2;Ptk2;Lrp1;Col5a3;Pxdn;Postn;Plod1;Hmcn1;Rgcc;Col4a2;Cav2;Colgalt1;Adamts1;Emilin1;Efemp2;Fscn1;Exoc8,GO Slim,CTLvMITO
GOSLIM_GLYCOPROTEIN_METABOLIC_PROCESS,0.5569620253164557,0.8337231968810916,0.0762797180809272,0.20390365292779292,0.9519373227128463,116,Edem3;Poglut3;Sulf1;Ugdh;Stt3b;Ccdc134;Ganab;Bpnt2;Mogs;Slc35b2;Fam20b;Glb1;Soat1;Rpn2;Alg2;Itm2c;B4galt5;St6galnac4;Man2a1;Man2a2;Galnt17;Hs2st1;Golph3;Cst3;Chst14;Naglu;Gusb;Tmtc3;Acot8;Col2a1;Pofut2,GO Slim,CTLvMITO
GOSLIM_KETONE_METABOLIC_PROCESS,0.6129666011787819,0.8337231968810916,0.06783382634794552,-0.21683091040734484,-0.9229613040488717,69,Fabp5;Scp2;Park7;Dab2;Nucb2;Vkorc1l1;Plaa;Elovl5;Sirt5;Pdp1;Avpr1a;Cpt1a;Coq9;Hsd17b10;Cbr3,GO Slim,CTLvMITO
GOSLIM_MITOCHONDRION_ORGANIZATION,0.06709782142508171,0.29075722617535404,0.2878051305355643,0.25252037004963546,1.2598696827586156,200,Vdac2;Phb2;Stoml2;Sod2;Samm50;Gba1;Mcl1;Tomm40;Lipa;Thg1l;Hk2;Inf2;Lonp1;Nipsnap2;Rala;Armcx3;Yme1l1;Rhot1;Prdx3;Atad3a;Ndufs2;Tomm70;Hip1r;Ndufa6;Pum2;Tfrc;Phb1;Tmem11;Dap3;Ndufs1;Ppp2cb;Ndufs3;Man2a1;Msto1;Atp5f1d;Ndufaf1;Gclm;Rnf7;Acad9;Mcu;Mtch1;Golph3;Cdk5;Uqcc2;Trabd,GO Slim,CTLvMITO
GOSLIM_MITOTIC_NUCLEAR_DIVISION,0.2908745247148289,0.5817490494296578,0.10755437526516934,-0.2350364533927329,-1.0766692290574453,106,Bccip;Nsfl1c;Lsm14a;Rpl24;Becn1;Vps4b;Chmp4b;Pebp1;Brox;Chmp2b;Chmp1a;Vps4a;Flna;Eml4;Chmp5;Dis3l2;Banf1;Tom1l2;Pam;Akap8;Golga2;Rgcc;Ankle2;Cav2;Rhoa;Kif2a;Kif15;Mapre1;Reep3,GO Slim,CTLvMITO
GOSLIM_NUCLEOCYTOPLASMIC_TRANSPORT,0.05979381443298969,0.29075722617535404,0.26635065708852557,0.2544000549232155,1.2488670696906545,171,Phb2;Rangap1;Kpna6;Ncbp2;Pml;Ptgs2;Tpr;Kpnb1;Nup98;Nup54;Tardbp;Riok2;Ipo5;Rab18;Ppp3ca;Nsun2;Stk3;Ranbp2;Pkig;Ywhae;Stat3;Trim28;Dhx9;Nup133;Ipo13;Magoh;Stk4;Nup205;Sec13;Nup155;Kpna1;Cdk1;Rab23;Cse1l;Ncbp1;Ranbp3;Ywhab;Fmr1;Cdk5;Kpna2;Ppp1cc;Mapk14;Mapk1;Lmna;Nup107;Kpna2l1;Thoc6;Ubr5;Nup50;Ddx39b;Xpo1;Tnpo2;Nup93;Akap13;Xpot;Nolc1;Chtopl1;Efcab7;Gas6;Akap1;Thoc5,GO Slim,CTLvMITO
GOSLIM_PEROXISOME_ORGANIZATION,0.8968253968253969,0.9326984126984128,0.050294806366235845,-0.22052678629085748,-0.6802511196992551,18,Rab8b;Pex19;Pex14;Mavs;Pex3,GO Slim,CTLvMITO
GOSLIM_PROTEIN_FOLDING,0.016828691902569245,0.25401426575298225,0.35248785758361917,-0.29252947683715813,-1.4041982057782165,136,Ppia;Dnajb2;Fkbp4;Bag1;Nudcd2;Fkbp9;St13;Sdf2;Ppid;Fkbp10;Selenof;Pdcd5;Khsrp;Calr;Dnajb6;Erp29;Ptges3;Chchd4;Hspb6;Pex19;Dnaja4;Pdia4;Bag3;Txndc5;Dnaja1;Cct6a;Tbca;Pdia3;Pdcl;Grpel1;Dnaja2;Pfdn2;Hypk;Hspd1;Mesd,GO Slim,CTLvMITO
GOSLIM_PROTEIN_LOCALIZATION_TO_PLASMA_MEMBRANE,0.6413255360623782,0.8337231968810916,0.06523530560177027,-0.18937973729697924,-0.9248816122319339,157,Cd81;Rhog;Vamp2;Vamp3;Scp2;Dab2;Stx7;Rdx;Rer1;Pgrmc1;Rilpl1;Sqstm1;Plekhf1;Snx27;Rab31;Nherf1;Cnpy4;Camk2d;Jup;Epb41l3;Vps4a;Flna;Lrp1;Akap5;Ank3;Ank2;Sec16a,GO Slim,CTLvMITO
GOSLIM_RENAL_SYSTEM_PROCESS,0.15487571701720843,0.4474187380497132,0.15419096658142434,-0.3522059754981169,-1.235965495046081,29,Xpnpep3;Lgmn;Mcam;Dab2;Wfs1;Nherf1;Avpr1a;Clcn5;Maged2,GO Slim,CTLvMITO
GOSLIM_RESPIRATORY_SYSTEM_PROCESS,0.597979797979798,0.8337231968810916,0.07045008506584192,0.3130744442624261,0.9120299605915605,15,Hmga1;Fto;Ndufs4;Cc2d1a;Selenon;Zfand5;Gls,GO Slim,CTLvMITO
GOSLIM_RIBOSOME_BIOGENESIS,0.060291060291060294,0.29075722617535404,0.26635065708852557,0.2704595242730853,1.2778381311643972,125,Rps27l;Dhx30;Nol9;Rps27;Nhp2;Lyar;Eif5b;Rpsa;Dkc1;Eif1ax;Riok2;Rpl11;Riok3;Cul4a;Dis3;Ak6;Sart1;Rrp1b;Fbl;Sbds;Ddx21;Pih1d1;Rpl38;Tsr1;Las1l;Nop56;Gtpbp4;Ythdf2;Exosc8;Grwd1;Tufm;Xpo1;Nop58;Rplp0;Mybbp1a;Rps15a;Rps25;Rps13;Rps21;Pelp1;Bysl;Rps17;Pten;Eif6;Snu13,GO Slim,CTLvMITO
GOSLIM_TELOMERE_ORGANIZATION,0.6234817813765182,0.8337231968810916,0.06847149044920875,0.21640025486364117,0.9072827351695893,63,Cct2;Pml;Nhp2;Ruvbl1;Dkc1;Ppp1ca;Cct4;Cct3;Mapk3;Actl6a;Stn1;Mapk1;Lmna;Ten1;Nek7;Src;Uchl5;Rad50;Mre11;Cct8;Gnl3;Hsp90aa1;Cct5;Ruvbl2;Hnrnpc;Cct7;Hnrnpa1;Cdk2;Hnrnpa2b1,GO Slim,CTLvMITO
GOSLIM_TRNA_METABOLIC_PROCESS,0.7045454545454546,0.8722943722943723,0.06350079680659454,0.2016771787169047,0.8780467995043301,79,Tsen34;Thg1l;Tprkb;Elp2;Nsun2;Pop1;Sars1;Ftsj1;Farsa;Urm1;Dtd1;Ctu2;Rars1;Trmt2a;Farsb;Exosc8;Trmt61a;Qtrt1,GO Slim,CTLvMITO
GOSLIM_VITAMIN_METABOLIC_PROCESS,0.805940594059406,0.8841750841750842,0.05513517633852569,-0.29654698775025634,-0.7514256133485795,10,Rfk-ps3;Cbr3,GO Slim,CTLvMITO
GOSLIM_WOUND_HEALING,0.09652509652509653,0.3585217870932157,0.19991523130966152,-0.2563520076603902,-1.2270560327476627,135,Col3a1;Ppia;Fbln1;Ddr2;Mylk;Col5a1;Tgfb2;Gpx1;Fkbp10;Mcam;Nrp1;Arhgef2;Cadm4;Yap1;Prkce;Chmp4b;Pdia4;Hmgb1;Chmp2b;Itga5;Chmp1a;Ptk2;Flna;Pdia3;Chmp5,GO Slim,CTLvMITO
GOSLIM_AMINO_ACID_METABOLIC_PROCESS,4.4158117590327244e-4,0.005740555286742542,0.49849310876659025,0.3712449759685063,1.7567200871009307,121,Dlst;Glud1;Got2;Slc25a12;Ivd;Pycr2;Dld;Bcat1;Oat;Gpt2;Enoph1;Bcat2;Crtap;Blmh;Hibch;Echs1;Etfb;Etfa;Prdx4;Rars1;Aarsd1;Pcmt1;Pcca;Ero1a;Pycr1;Fh;Aldh7a1;Gstz1;Auh;Shmt1;Shmt2;Pccb;Gars1;Sars1;Psph;P4ha1;Aldh6a1;Dbt;Kyat1;Hsd17b10;Mtap;Mtr;Farsa;Mccc2;Aldh18a1;Hars1;Sephs1;Acad8;Ppat;Gcdh;Cad,GO Slim,PHEvPHE_MITO
GOSLIM_CHROMOSOME_SEGREGATION,0.5283757338551859,0.7632093933463796,0.07511816352763015,0.19863332319508992,0.964576923110816,147,Gtf2b;Arl8b;Sirt2;Tubg1;Washc5;Actr3;Kpnb1;Chmp6;Arl8a;Nudc;Ppp2r1a;Zw10;Ciao1;Haus6;Uvrag;Cltc;Klhl22;Tlk1;Pten;Chmp1b;Mapk15;Dync1h1;Bub3;Zfp207;Cdk1;Ppp1r7;Ppp2r2a;Cdc23;Bag6;Lcmt1;Mad2l1;Ncapg;Slc25a5;Drg1;Chmp3;Tpr;Anapc7;Csnk2a1;Ndc1;Ctcf;Cul3;Dlgap5;Tubb5;Anapc5;Dync1li1,GO Slim,PHEvPHE_MITO
GOSLIM_CILIUM_ORGANIZATION,0.2762312633832976,0.5524625267665952,0.11881503941226282,-0.24079120652339497,-1.0901299353025231,88,Grk2;Ccdc32;Tulp3;Asap1;Nectin2;Nherf1;Rabep2;Dynlt2b;Map4;Htt;Yap1;Rilpl1;Hdac6;Kctd17;Yif1b;Micall1;Ehd3;Cyld;Kif3a;Nudcd3;Flna;Wdr44;Arl3;Pcm1;Dtnbp1,GO Slim,PHEvPHE_MITO
GOSLIM_CYTOKINESIS,0.3301707779886148,0.6131743019788561,0.09957912004959042,0.2421224098609442,1.073621334236642,85,Arf6;Rasa1;Anxa11;Unc119;Washc5;Rhoc;Ist1;Actr3;Rab35;Snx9;Chmp6;Spast;Dctn3l1;Uvrag;Septin9;Septin5,GO Slim,PHEvPHE_MITO
GOSLIM_CYTOPLASMIC_TRANSLATION,0.7012195121951219,0.875086745315753,0.06293946920189672,-0.18323704206027167,-0.9009368878297027,143,Cnbp;Ybx3;Rpl24;Rps24;Eif4ebp1;Denr;Nemf;Rpl6;Eif3j;Rpl13;Rpl35a;Dhx36;Rpl26;LOC134480579;Rpl27a;Rplp1;Ascc3;Rpl27;Hnrnpd;Rpl13a;Trnt1;Rpl31;Rpl36a;Rpl5;Syncrip;Rps6;Npm1;Rplp2;Eif2ak2;Rpl19;Eif2b2;Rpl29;Hnrnpu;Rps21;Eif2s3;Rpl17;Rpl23;Rpl10;Eif3h;Rps28;Eif3b;Ckap5;Rpl28l4;Pabpc1;Rpl23a,GO Slim,PHEvPHE_MITO
GOSLIM_DETOXIFICATION,0.0014269355629801317,0.009275081159370856,0.45505986738722953,0.43367224493196177,1.8146263490100676,60,Prxl2a;Sod2;Prdx3;Ptgs2;Mtarc2;Prdx2;Gstm5;Prdx4;Pgp;Gpx4;Akr7a2;Nnt;Gpx8;Gstp1;Akr1a1;Clic1;Gstz1;Cat;Adk;Nqo1;Aldh2;Gstm1;Dhfr;Gsto1;Prdx1;Rdh11;Sucla2;Txnrd2;Fbln5,GO Slim,PHEvPHE_MITO
GOSLIM_DIGESTION,0.5732484076433121,0.7844451894066377,0.07511816352763015,-0.2786635447021922,-0.9188505498579774,22,Ldlr;Pawr;Npr3;Rplp1;Copa;Hspb1;Ezr,GO Slim,PHEvPHE_MITO
GOSLIM_DNA_RECOMBINATION,6.612578221540842e-5,0.0017192703376006189,0.5384340963099162,-0.42732890852312244,-1.938838433819482,91,Lig3;Xrcc1;Nucks1;Htatsf1;Nabp2;Hmgb2;Mcm4;Trip13;Tp53bp1;Parp1;Hmgb1;Mcm5;Xrcc4;Fus;Sfr1;Sfpq;Parp3;Hdgfl2;Msh2;Supt6h;Rpa3l1;Ppp4r2;Ubqln4;Nbn;H1f2;Abl1;Swi5;H2ax;Apex1;Mcm3;Rnf126,GO Slim,PHEvPHE_MITO
GOSLIM_DNA_REPLICATION,0.8724202626641651,0.9862142099681865,0.048995408986248136,0.17822870698595322,0.8125700818138255,100,Rac1;Rfc1;Cacybp;Ruvbl1;Ssrp1;Mcmbp;Ube2v1l1;Uchl5;Stn1;Rpa1;Nfic;Shmt1;Mapk15;Wdhd1;Dhfr;Rfc5;Cdk1;Cdk2;Vcp;Ilkap;Ube2n;Asf1a;Grwd1;Sde2;Cst3;Mcm7;Gtpbp4;Rfc3;Ruvbl2;Carm1,GO Slim,PHEvPHE_MITO
GOSLIM_ESTABLISHMENT_OR_MAINTENANCE_OF_CELL_POLARITY,0.967680608365019,0.9892241379310345,0.044864511316856426,0.15769138348984327,0.7154614736348361,98,Rac1;Kank1;Arf6;Dynlt1;Rras;Rack1;Actr3;Rras2;Tcirg1;Zw10,GO Slim,PHEvPHE_MITO
GOSLIM_EXTRACELLULAR_MATRIX_ORGANIZATION,0.13445378151260504,0.3495798319327731,0.17520404755855126,-0.26470812284918777,-1.2263216315573233,102,Col3a1;Lamb2;Tgfb2;Fkbp10;Col11a1;Col5a1;Col1a1;Dnajb6;Ccdc80;Col5a2;Mia3;Colgalt1;Ptk2;Phldb1;Col1a2;Fbln1;Lox;Pxdn;Fbn1;Adamts1;Lemd3,GO Slim,PHEvPHE_MITO
GOSLIM_GLYCOPROTEIN_METABOLIC_PROCESS,0.08082706766917293,0.262687969924812,0.21654283673534816,0.26817889388939165,1.2590932159036834,116,Alg2;Rpn2;Ugdh;Man2a2;Man1b1;Pofut1;Mogs;Itm2c;Stt3b;Man2a1;B4gat1;Slc35b2;Pmm1;Tm9sf2;Glb1;Rpn1;Ganab;Hexa;Ube2j1;Soat1;Ddost;Erp44;Edem3;Pofut2;Poglut3;Ext2;Gusb;Ctnnb1;Mgat2;Ncstn;Man2b1;Sulf1;Npc1;Ogt;Dpm3;Gorasp1;Bpnt2;Galnt2;Reck;Srd5a3;Cst3;Porcn;Hs2st1;Dad1;Plod3,GO Slim,PHEvPHE_MITO
GOSLIM_KETONE_METABOLIC_PROCESS,0.004316404314643541,0.02244530243614641,0.40701791892395395,0.38674589608214943,1.6729122460654315,70,Ptgs2;Dhrs9;Sirt2;Cpt1a;Akr1b1;Aldoa;Akr7a2;Pdk3;Anxa1;Eif6;Gk;Akr1a1;Erlin1;Acadvl;Coq8b;Tpk1;Nqo1;Erlin2;Pdpr;Pptc7;Coq9;Kyat1;Hsd17b10;Pgk1;Vkorc1;Nme2;Ndufa9;Cbr1;Ggcx;Nme1;Cbr3,GO Slim,PHEvPHE_MITO
GOSLIM_MITOCHONDRION_ORGANIZATION,0.001370714837234198,0.009275081159370856,0.45505986738722953,0.29917668022898525,1.514981225762738,199,Vdac2;Gba1;Samm50;Sod2;Phb2;Agk;Stoml2;Prdx3;Yme1l1;Phb1;Dnm1l;Lipa;Ndufaf1;Slc25a4;Acad9;Fam162a;Oxa1l;Lonp1;Tomm40;Foxred1;Mcu;Hk2;Ndufs1;Uqcc2;Thg1l;Timm10;Romo1;Rala;Man2a1;Ndufa6;Cdk5;Ndufs2;Vps13a;Vps35;Mcl1;Uqcc1;Ppp2cb;Tomm70;Nipsnap2;Ecsit;Rhot1;Aldh2;Ghitm;Plscr3;Acaa2;Mtch1;Armcx3;Bak1;Mtx1;Stard7;Slc25a5;Hsd17b10;Ndufaf3;Marchf5;Ndufa13;Ddhd1;Selenon;Ociad2;Atad3a;Mtch2;Mtx2;Timm50;Fis1;Ctcf,GO Slim,PHEvPHE_MITO
GOSLIM_MITOTIC_NUCLEAR_DIVISION,0.4613778705636743,0.7632093933463796,0.0857844408075645,-0.21257367187307022,-0.991483167841344,106,Tom1l2;Chmp4b;Cdkn1b;Rpl24;Smc1a;Reep3;Trip13;Knstrn;Abraxas2;Pebp1;Dctn2;Rhoa;Cdc16;Vps4b;Ctdp1,GO Slim,PHEvPHE_MITO
GOSLIM_NUCLEOCYTOPLASMIC_TRANSPORT,0.922509225092251,0.9892241379310345,0.04567904149300621,0.16331527687439948,0.8105987801295338,168,Phb2;Gpn3;Ptgs2;Rangap1;Agap3;Ipo5;Ywhae;Ppp3ca;Kpnb1;Heatr3;Kpna6;Cdk5;Pabpn1;Eif6;Xpo1;Stat3;Ahcyl1;Eny2;Smurf1;Nup93;Hsp90ab1;Rab23;Pml;Ncbp2;Ywhab;Kpna1;Rab18;Camk1;Ipo8;Cdk1;Sec13;Magoh;Nup155;Mapk14;Hikeshi;Dyrk1a,GO Slim,PHEvPHE_MITO
GOSLIM_PEROXISOME_ORGANIZATION,0.7404580152671756,0.875086745315753,0.057366742676855584,0.25616438272763997,0.7967364091138666,18,Dnm1l;Abcd3;Pex13,GO Slim,PHEvPHE_MITO
GOSLIM_PROTEIN_FOLDING,0.011249189215390863,0.04874648660002707,0.3807304007227924,-0.2891796257054414,-1.406901011974563,137,Fkbp10;Bag1;Hypk;Pex19;Dnajb6;Txndc5;Tbca;Nudcd2;Khsrp;Mesd;Pdcd5;Aifm1;Pdia4;Bag3;Hspb6;Cmc1;Dnajb2;Pfdn4;Pfdn6;Cdc37;Ptges3;Fkbp1a;Pfdn5;Dnaja2;Hspa4;Erp29;Selenof;St13;Dnaja4;Dnajb12;Cdc123;Hspb1;Sgta;P4hb;Nudcd3;Dnajb11;Anp32e;Ppie;Ppig;Coa3;Cct6b;Clpx;B2m;Pfdn1;Hspa1a;Tsc1;Cdc37l1;Hspa9;Zpr1;Chordc1;Fkbp4;Pdia3;Pbdc1;Pfdn2;Dnajc2;Pdcl,GO Slim,PHEvPHE_MITO
GOSLIM_PROTEIN_LOCALIZATION_TO_PLASMA_MEMBRANE,0.267515923566879,0.5524625267665952,0.12043337164225933,-0.21822231754103263,-1.0870106363509942,158,Pacs1;Cd81;Zdhhc5;Epb41l3;Rdx;Vti1b;Stx4;Mesd;Golga4;Nherf1;Cnpy4;Erbin;Akap5;Sec16a;Slmap;Pgrmc1;Rab13;Kif5b;Ppfia1;Rilpl1;Stx8;Macf1;Stx7;Sqstm1;Rer1;S100a10;Vamp2;Gga1;Gripap1;Nsf;Rock1;Vamp3;Ehd3;Prkci;Rock2;Arl6ip5;Csk;Flna;Palm;Ank2;Ezr;Pdpk1;Sorbs1;Scp2;Zfyve27;Dab2;Plekhf1;Vamp5;Wnk1,GO Slim,PHEvPHE_MITO
GOSLIM_RENAL_SYSTEM_PROCESS,0.5274102079395085,0.7632093933463796,0.07343814108388569,0.2694656761143055,0.9585211962241398,29,Akr1b1;Ppp3ca;Itga3;Gnai2;Oxsr1;Prkrip1;F2r;Xpnpep3;Sulf1;Stk39;Comt,GO Slim,PHEvPHE_MITO
GOSLIM_RESPIRATORY_SYSTEM_PROCESS,0.7272727272727273,0.875086745315753,0.060903934745241806,-0.26909397701979415,-0.8193507444414242,15,Rab3a;Ndufs4;Adh5;Gaa,GO Slim,PHEvPHE_MITO
GOSLIM_RIBOSOME_BIOGENESIS,0.9892241379310345,0.9892241379310345,0.04959019569563381,-0.13717221847211,-0.6504359752415634,125,Ddx3x;Trmt112;Rpl24;Rps24;Rps16;Eif2a;Rps11;Pdcd2;Rpl35a;Wbp11;Mrps2;Rpl26;Rps27a;Rps3a;Nop16;Mtrex,GO Slim,PHEvPHE_MITO
GOSLIM_TELOMERE_ORGANIZATION,0.22433460076045628,0.5302454199792603,0.12503336755527242,0.2725932464501805,1.154450553236681,64,Cct2;Ten1;Cct3;Ppp1ca;Ruvbl1;Uchl5;Nek7;Src;Stn1;Rpa1;Hsp90ab1;Pml;Mapk15;Fbxo4;Ctnnb1;Cdk2;Mapk3;Cct5;Cct7,GO Slim,PHEvPHE_MITO
GOSLIM_TRNA_METABOLIC_PROCESS,0.5,0.7632093933463796,0.083129129135339,-0.22006520399117352,-0.9721404361068705,78,Lrrc47;Trmt112;Ssb;Dus3l;Nars1;Elp5;Vars1;Tars1;Pop1;Ears2;Eprs1;Thumpd3;Trnt1;Ddx1;Kars1;Prorsd1;Yrdc;Trmt1;Lars1;Elp3;Tars3;Grsf1;Rtcb;Wdr6,GO Slim,PHEvPHE_MITO
GOSLIM_VITAMIN_METABOLIC_PROCESS,0.1262135922330097,0.3495798319327731,0.1737478389995708,0.5082144736130356,1.3361337849477382,10,Nfkb1;Akr1a1;Tpk1;Gsto1;Cbr1;Cbr3,GO Slim,PHEvPHE_MITO
GOSLIM_WOUND_HEALING,0.015267299929138764,0.05670711402251541,0.3807304007227924,-0.2882498995062538,-1.3885902531819883,135,Col3a1;Tgfb2;Mcam;Mylk;Fkbp10;Arhgef2;Col5a1;Tpm1;Chmp4b;Mia3;Bloc1s4;Rab3a;Cadm4;Ptk2;Cnn2;Hmgb1;Pdia4;Srsf6;Coro1b;Fbln1;Rhoa;Notch2;Prkce;Jag1;Slc12a2;Yap1;Bloc1s3;Papss2;Prkcd;Macf1,GO Slim,PHEvPHE_MITO
GOSLIM_AMINO_ACID_METABOLIC_PROCESS,0.055013853901350517,0.2070930635424112,0.3217759180753611,0.2884975112341784,1.3559348991238092,121,Hsd17b10;Gstz1;Crtap;Pcmt1;Bckdha;Asrgl1;Bcat1;Aarsd1;Bcat2;Prdx4;Blmh;Mpst;Slc25a12;Enoph1;Phgdh;Nars1;Ahcy;Pccb;Mtr;Got2;Gcdh;Aars1;Aldh18a1;Mtrr;Fah;Echs1;Mthfd1;Pycr2;Gpt2;Cars1;Auh;Etfa;Ivd;Mccc2;Sephs1;Dlst;Pycr1;Spr;Yars1;Fh;Mars1;Ero1a;Lars1,GO Slim,Interaction
GOSLIM_CHROMOSOME_SEGREGATION,0.8004694835680751,0.9521640091116174,0.06350079680659454,0.17940983635319327,0.8660968004890923,146,Gtf2b;Ube2i;Bccip;Uvrag;Zfp207;Ndc1;Chmp2b;Ctcf;Arl8a;Mapre2;Smarcad1;Haus6;Csnk2a1;Becn1;Arl8b;Actr3;Rps3;Chmp6;Lsm14a;Cltc;Dlgap5;Mapre1;Nat9;Cdc23;Rab11a;Mapk15;Mad2l1;Nudc,GO Slim,Interaction
GOSLIM_CILIUM_ORGANIZATION,0.49767441860465117,0.8626356589147287,0.08756971155485113,0.21981029768312962,0.9799352266465425,88,Atg5;Armc9;Gsk3b;Gdi2;Dnaaf5;Kifap3;Fnbp1l;Tapt1;Rab11b;Wwtr1;Snap29;Actr3;Nme7;Mapre1;Rab8a;Rab11a;Mapk15;Dynll1;Ehd1;Usp9x;Dnal1,GO Slim,Interaction
GOSLIM_CYTOKINESIS,0.9521640091116174,0.9521640091116174,0.05389790253573186,0.16795488625763821,0.7458602221142224,85,Uvrag;Chmp2b;Pkn2;Ist1;Stx2;Becn1;Cul7;Rab35;Actr3;Jtb;Chmp6;Snx33;Rab11a;Ank3;Klhl13;Pdcd6ip;Snx9;Washc1;Igf1r;Rasa1;Washc5;Vps4a,GO Slim,Interaction
GOSLIM_CYTOPLASMIC_TRANSLATION,0.8142857142857143,0.9521640091116174,0.06335970106437581,0.17525649071398375,0.8400255671379291,143,Sh3bgrl;Nck1;Rpl35;Eif5;Trip4;Rps29;Cpeb2;Eif2b1;Skic2;Rwdd1;Paip1;Ltn1;Eif3i;Rack1;Aars1;Rpl7;Ascc2;Rpl26;Rplp0;Rps9;Rpl37a;Rpl18a;Skic3;Rpl28l4;Eif4a2;Pelo;Gcn1;Mif4gd;Rps23;Smyd5;Rpl27a;Eif4a1;Rpl35a;Eif3k;Rpl3;Eif3e;Tcf25;Igf2bp1;Eif3m;Rps26;Rpl15;Rpl4;Eif3l,GO Slim,Interaction
GOSLIM_DETOXIFICATION,0.0036232946328386174,0.07159511804861701,0.4317076958033464,0.4185734974311429,1.7276794240918059,60,Gpx8;Gstz1;Adk;Gstm1;Clic1;Sucla2;Gpx1;Prdx4;Gstm2;Lancl1;Prdx3;Mtarc2;Txnrd2;Prdx2;Aldh2;Selenot;Abcg3l2;Prdx1;Fbln5;Cat;Rdh11;Gstp1;Gstm5;Hagh;Ptgs2;Sod2;Selenof;Atp7a;Prxl2a;Pgp;Akr1a1,GO Slim,Interaction
GOSLIM_DIGESTION,0.5620300751879699,0.913298872180451,0.06994587365016587,-0.2932843432520126,-0.9376994635741785,22,Hip1r;Hspb1;Lima1;Pawr;Ezr;Vamp8;Copa;Npr3,GO Slim,Interaction
GOSLIM_DNA_RECOMBINATION,0.00826097515945581,0.07159511804861701,0.3807304007227924,-0.35505934001581363,-1.559171797620859,91,Supt6h;Trip13;Tp53bp1;Chd4;Morf4l2;Lig1;Parp1;Fus;Nucks1;Nabp2;Lig3;Mcm3;Tfrc;Top2a;H1f2;Sfpq;Msh2;Apex1;Morf4l1;Mcm4;Mre11;Swi5;Ppp4r2;Top2b;Sfr1;Actr2;Rad21;Xrcc4;Mcm5;Xrcc1;H2ax;Senp3;Smc4,GO Slim,Interaction
GOSLIM_DNA_REPLICATION,0.930622009569378,0.9521640091116174,0.057246113520288446,0.1694755221032617,0.7680119287443277,100,Ilkap;Rpa1;Pola2;Rac1;Mcmbp;Sde2;Ube2v1l1;Yy1;Ube2v2;Rfc1;Carm1;Rrm1;Fam111a;Ube2n;Polb;Mapk15;Dynll1;Cacybp;Nfic,GO Slim,Interaction
GOSLIM_ESTABLISHMENT_OR_MAINTENANCE_OF_CELL_POLARITY,0.2289156626506024,0.497953216374269,0.11673920479122178,-0.2547115593217242,-1.1307780394723281,98,Myo18a;Dst;Ehbp1l1;Parva;Arhgap35;Macf1;Flot2;Mark2;Rap1b;Pard3;Pak1;Lmna;Crkl;Erbin;Numa1;Myh9;Clasp2;Myo9b;Phldb2;Amotl2;Ezr;Ptk7;Fat1;Clasp1;Arhgef2;Actr2;Ift20;Rab10,GO Slim,Interaction
GOSLIM_EXTRACELLULAR_MATRIX_ORGANIZATION,0.6706896551724137,0.9521640091116174,0.057246113520288446,-0.2013740959716283,-0.9022635133332937,102,Ccn2;Ccn1;Eng;Fn1;Lox;Phldb1;Fbn1;Mia3;Hspg2;Myo1e;Sulf1;Clasp2;Col12a1;Phldb2;Clasp1;Gas6;Col2a1;Aplp2;Colgalt1;Smarca4;Lamc1;Loxl2;Fkbp10;Tgfb2;Dnajb6;Lemd3;Pbxip1;Col5a2;Nid1;Npnt;Mmp14;Plod2;Itgb1;Lamb2;Cav1,GO Slim,Interaction
GOSLIM_GLYCOPROTEIN_METABOLIC_PROCESS,0.20145631067961164,0.497953216374269,0.15214492236756472,0.24750395537124575,1.1472645936280135,116,Ube2j1;Man1b1;Psen1;Alg9;Erp44;Ogt;Poglut1;Chpf;Pofut4;Pofut1;Aga;Alg2;Ddost;Pmm2;Man2b1;Tm9sf2;Alg5;Galnt2;Man2a2;Rpn2;Hexa;Gns;Ctnnb1;B4gat1;Oga;Pmm1;Dpm3;Dad1,GO Slim,Interaction
GOSLIM_KETONE_METABOLIC_PROCESS,0.006420362481467819,0.07159511804861701,0.40701791892395395,0.37504156428136026,1.5999376633754496,69,Cpt1a;Coq9;Hsd17b10;Pdp1;Cbr3;Nme1;Nme2;Vkorc1;Elovl5;Pptc7;Vkorc1l1;Aldoa;Ggcx;Gk;Coq8b;Akr1b1;Tpk1;Scp2;Eif6;Dab2;Oxct1;Erlin1;Pank2;Plaa;Dhrs9;Hagh;Ptgs2;Sirt2;Avpr1a,GO Slim,Interaction
GOSLIM_MITOCHONDRION_ORGANIZATION,0.06372094262843421,0.2070930635424112,0.2878051305355643,0.2459366620287467,1.250615390968938,199,Uqcc4;Agk;Romo1;Hsd17b10;Timm22;Enpp1;Ociad2;Fam162a;Slc25a4;Timm10;Marchf5;Ndufs5;Ctcf;Uqcc1;Gba1;Mtx1;Vdac2;Gsk3b;Foxred1;Plscr3;Dnm1l;Yy1;Oxa1l;Chchd7;Chchd6;Mtch2;Chchd4;Ndufs8;Ddhd1;Gpx1;Stard7;Hspd1;Vps13a;Rhot2;Prdx3;Phb1;Micos13;Jtb;Aldh2;Ndufa13;Yme1l1;Mtx2;Acaa2;Bak1;Ndufaf1;Acad9;Vps35;Dnajc11;Apool;Bcl2l13;Slc25a5;Ecsit;Timm50;Samm50;Ndufs6;Pank2;Tfam;Cav2;Mcu;Uqcc2;Stat2,GO Slim,Interaction
GOSLIM_MITOTIC_NUCLEAR_DIVISION,0.8793706293706294,0.9521640091116174,0.045405922659017876,-0.17847271607813475,-0.8001041356747961,106,Abraxas2;Trip13;Smc1a;Ctdp1;Cdc16;Numa1;Tom1l2;Clasp2;Dctn2;Cdkn1b;Knstrn;Reep3;Bod1;Smarca5;Clasp1;Smc3;Hnrnpu;Sh2b1;Tpr;Rad21;Ube2c;Chmp4b;Smc4;Nfix;Rhoa,GO Slim,Interaction
GOSLIM_NUCLEOCYTOPLASMIC_TRANSPORT,0.06260869565217392,0.2070930635424112,0.2377938344236881,-0.2644898755503069,-1.2533424702449283,168,Nup98;Kpna2l1;Ddx5;Pkig;Akap13;Nsun2;Sumo1;Prkcd;Ranbp2;Ppp1cc;Nup50;Kpna2;Fmr1;Elavl1;Ubr5;Tardbp;Lmna;Riok2;Sarnp;Ep300;Nup214;Cdkn1b;Ranbp3;Stk4;Cse1l;Khdrbs1;Stk3;Nolc1;Ppp2ca;Nup54;Lsg1;Efcab7;Ppp1r12a;Ncbp2;Gas6;Chtopl1;Alyref;Dhx9;Wipf1;Xpot;Tpr;Hnrnpa2b1;Emd;Ddx19b;Apod;Kpna6;Ncbp1;Nmd3;Mapk1;Anp32b;Ipo4;Poldip3;Akap1;Nemf;Ddx39a;Mavs;Nup133;Thoc2;Nup107;Hnrnpa1,GO Slim,Interaction
GOSLIM_PEROXISOME_ORGANIZATION,0.8678038379530917,0.9521640091116174,0.05513517633852569,0.23121088457136157,0.7055161899319872,18,Rab8b;Dnm1l;Plaat3;Usp9x;Pex13;Abcd3;Fis1,GO Slim,Interaction
GOSLIM_PROTEIN_FOLDING,0.3219761499148211,0.6370063383715261,0.09466462231533423,-0.22815586593176282,-1.0580654339019873,136,Cct6b;Unc45b;Dnajc1;Hspb1;Cwc27;Ranbp2;Fkbp1a;Bag5;Fkbp8;Hypk;Pfdn4;Cct4;Nudcd3;Cmc1;Ppia-ps13;Cdc123;Aifm1;Cdc37;Tsc1;Unc45a;Pfdn6;Anp32e;Ppil3;Pfdn5;Snrnp70;Hspa4;Wipf1;Txndc5;Tbca;Dnajb12;Coa3;Fkbp10;Pex19;Cdc37l1;Mesd;Ppie;Dnajb6;Dnajc3,GO Slim,Interaction
GOSLIM_PROTEIN_LOCALIZATION_TO_PLASMA_MEMBRANE,0.22982456140350876,0.497953216374269,0.11776578836269024,-0.2396058923845498,-1.1194706251196942,157,Pacs1;Zdhhc5;Stx8;Stx4;Ppfia1;Prepl;Nsf;Macf1;Flot2;Ppp1r9b;Itgb1bp1;Arfrp1;Rock1;Rab13;Myo5a;Gga1;Sptbn1;Erbin;Atp1b1;Golga7;Palm;Ezr;Zfyve27;Gripap1;Csrp3;Gas6;Arl6ip5;Picalm;Ift20;Vamp8;Ccdc88a;Rab10;Rab34;Itga3;Slmap;Lama5;Vti1b;Mesd;Golph3;Hectd1;Golga4;Prkci;Kif5b;Epb41l3;Bcl2l1,GO Slim,Interaction
GOSLIM_RENAL_SYSTEM_PROCESS,0.22105263157894736,0.497953216374269,0.13355495455759195,0.33946359355833355,1.1891057734707176,29,Xpnpep3;Wfs1;Stk39;Comt;Gja1;Akr1b1;Clcn5;Dab2;Prkrip1;Oxsr1;Avpr1a;Pkn1;F2r,GO Slim,Interaction
GOSLIM_RESPIRATORY_SYSTEM_PROCESS,0.6117216117216118,0.9355742296918768,0.06450312496564929,-0.3072590736234684,-0.8851199488406687,15,Ndufs4;Rab3a;Tnnc1;Zfand5;Gaa;Hmga1,GO Slim,Interaction
GOSLIM_RIBOSOME_BIOGENESIS,0.026303650141470885,0.17097372591956075,0.35248785758361917,-0.3087178709055221,-1.4164693911946356,125,Dhx30;Ddx3x;Eif5b;Rrp1b;Tsr1;Rps21;Mrps2;Wbp11;Fbl;Ddx21;Nol9;Rps27;Riok3;Nop56;Pih1d1;Riok2;Rps27a;Nhp2;Bop1;Rpl11;Snu13;Eri1;Mybbp1a;Rps3a;Nop58;Eif2a;Rps27l;Lsg1;Las1l;Dis3;Tsr2;Rps4x;Dkc1;Ncl;Nop2;Rpl38;Riok1;Rps28;Sart1;Pdcd2;Nmd3;Pelp1;Exosc8,GO Slim,Interaction
GOSLIM_TELOMERE_ORGANIZATION,0.8524590163934426,0.9521640091116174,0.04870108645215302,-0.19605911539910137,-0.799395918016229,63,Parp1;Nabp2;Cct4;Lmna;Nhp2;Ylpm1;Hnrnpc;Apex1;Mre11;Hnrnpu;Dkc1;Hnrnpa2b1;Xrcc4;Gnl3;Xrcc1;Hnrnpd;Mapk1;Rad50;Actl6a,GO Slim,Interaction
GOSLIM_TRNA_METABOLIC_PROCESS,0.8221830985915493,0.9521640091116174,0.04879897016828393,-0.18989731458596065,-0.8149101725288643,78,Pop1;Tsen34;Urm1;Nsun2;Trmt2a;Tprkb;Yrdc;Lrrc47;Qars1;Kars1;Dus3l;Tars1;Elp3;Exosc8;Rtcb;Wdr6;Qtrt1;Farsb;Elac2;Ddx1;Elp5;Exosc9,GO Slim,Interaction
GOSLIM_VITAMIN_METABOLIC_PROCESS,0.058024265870651674,0.2070930635424112,0.3217759180753611,0.5796830931227432,1.5143482017986383,10,Cbr3;Nfkb1;Rfk-ps3;Tpk1;Thtpa;Akr1a1,GO Slim,Interaction
GOSLIM_WOUND_HEALING,0.34300341296928327,0.6370063383715261,0.0911073131586733,-0.22631839963733186,-1.0490746380859246,135,Bloc1s4;Dst;Eng;Fn1;Bloc1s3;Prkcd;Arhgap35;Tpm1;Rab3a;Macf1;Mia3;Myh10;Gnaq;Thbs1;Jag1;Pard3;Srsf6;Pak1;Arhgap24;Myh9;Clasp2;Phldb2;Coro1b;Slc12a2;Mcam;Ptk7;Clasp1;Gas6;Pla2g4a,GO Slim,Interaction
GOSLIM_AMINO_ACID_METABOLIC_PROCESS,0.1989100817438692,0.33366666666666667,0.16318012718068908,0.23828965908283256,1.108210673536798,121,Mtr;Mat1a;Bckdha;Mtrr;Aarsd1;Pccb;Prdx4;Nars1;Mpst;Asrgl1;Cth;Gpt2;Wars1;Echs1;Hsd17b10;Mthfd1;Bcat2;Shmt1;Gcdh;Ero1a;Asns;Pcmt1;Dlst;Aars1;Dld;Hibadh;Gars1;Cars1;Asl;Mccc2;Eprs1;Shmt2;Apip;Park7;Carnmt1;Phgdh;Hmgcl;Atp7a;Ears2;Dohh;Got1;Dpep1;Yars1;Bcat1;Crtap;Pycr3;Bckdk;Got2;Fh;P4hb;Vars1,GO Slim,MITOvPHE_MITO
GOSLIM_CHROMOSOME_SEGREGATION,0.07582938388625593,0.20773195876288658,0.20429475651688608,-0.2851688546340088,-1.2646147231739746,147,Haus5;Top1;Ik;Numa1;Trip13;Hnrnpu;Bcas2;Cdc16;Rad21;Smc1a;Smarca5;Ttl;Knstrn;Smc3;Tubgcp2;Nsmce2;Fbxo30;Map1s;Clasp1;Dlgap5;Clasp2;Pum2;Ppp2r1a;Ncapd2;Actr2;Cdk1;Smc4;Top2b;Mad1l1;Ube2c;Kif4a;Spc24;Ncapg;Chmp3;Ddb1;Chmp7;Mapre3;Cdc23;Ppp2r2a;Rcc1;Mad2l1;Tpr;Bub3,GO Slim,MITOvPHE_MITO
GOSLIM_CILIUM_ORGANIZATION,0.20533333333333334,0.33366666666666667,0.15851410542482433,0.2557743091092849,1.1241018626216845,88,Asap1;Atg5;Atg3;Kif3a;Armc9;Exoc5;Gsn;Unc119b;Yap1;Wwtr1;Rab8a;Actr3;Kifap3;Dynll1;Wdr44;Snap29;Nme7;Txndc15;Fnbp1l;Hdac6;Tapt1;Cyld;Gsk3b;Flna;Nectin2;Dnaaf5;Lama5,GO Slim,MITOvPHE_MITO
GOSLIM_CYTOKINESIS,0.36147757255936674,0.4699208443271768,0.1147507192270233,0.23712379174159817,1.04250980972116,86,Pkn2;Uvrag;Vps4a;Klhl13;Stx2;Jtb;Pdcd6ip;Chmp1a;Washc1;Actr3;Stambp;Prkce;Git1;Chmp2b;Septin8;Wnk1;Chmp6;Ist1;Snx18;Rasa1;Ank3;Rhoa;Gipc1;Poldip2;Snx33,GO Slim,MITOvPHE_MITO
GOSLIM_CYTOPLASMIC_TRANSLATION,1,1,0.035542021125390184,-0.12807299082838708,-0.5637387516899481,143,Rpl11;Hnrnpu;Fmr1;Syncrip;Rpl38;Dhx9;Rpl9;Gtpbp1;Akt2;Nemf;Eif2s3;Ascc3;Rps24;Rpl29;Usp10;Gigyf2;Rpl10a;Eif3b;Hnrnpd;Cnbp;Cdk5rap3;Eif2s2;Dhx29;Eif2b2,GO Slim,MITOvPHE_MITO
GOSLIM_DETOXIFICATION,0.0035229184909165113,0.01831917615276586,0.4317076958033464,0.4099024334314075,1.6721295549150983,60,Mt2;Sod2;Txnrd2;Gpx1;Cat;Prdx4;Abcg3l2;Sucla2;Mb;Hagh;Selenot;Mtarc2;Gstp1;Prkce;Gsto1;Aldh2;Rdh11;Adk;Clic1;Gstm1;Esd;Akr7a2;Ptgs2;Nqo1;Park7;Gpx7;Atp7a,GO Slim,MITOvPHE_MITO
GOSLIM_DIGESTION,0.596252129471891,0.6459398069278819,0.06224904294985801,-0.29805166871996047,-0.903364487388621,22,Npr3;Epb41;Hspb1;Lima1;Strap;Hip1r;Copa;Lipa,GO Slim,MITOvPHE_MITO
GOSLIM_DNA_RECOMBINATION,1.4680501788978834e-7,1.9084652325672483e-6,0.6901324587967956,-0.5218206452605311,-2.137775332733349,91,Chd4;H1f2;Mcm4;H1f10;Terf2;Supt6h;Trip13;Mcm3;Tfrc;Tp53bp1;Lig3;Rad21;Mcm5;Senp3;Sfpq;Parp1;Parp3;Apex1;Lig1;Mcm7;Nsmce2;H2ax;Morf4l2;Sfr1;Swi5;Inip;Xrcc4;Nucks1;Msh2;Actr2;Smc4;Top2b;Actl6a;Fus;Pogz;Supv3l1;Htatsf1;Nono,GO Slim,MITOvPHE_MITO
GOSLIM_DNA_REPLICATION,0.017524218794907714,0.07593828144460009,0.35248785758361917,-0.3432125726217296,-1.4355093294078203,100,Top1;Mcm4;Supt16h;Mcm3;Rbbp6;Lig3;Mcm6;Mcm5;Smarca5;Parp1;Smc3;Nasp;Lig1;Mcm7;Dhx9;Cdk9;Chrac1;Rfc4;Rfc1;Nucks1;Msh2;Cdk1;Actl6a;Atg7;Fen1;Rfc2;Ube2v2;Vcp;Endog;Jun,GO Slim,MITOvPHE_MITO
GOSLIM_ESTABLISHMENT_OR_MAINTENANCE_OF_CELL_POLARITY,0.856353591160221,0.8906077348066299,0.06815134386794833,0.18227362587563478,0.8238113579266225,98,Bccip;Kank1;Arpc5;Pafah1b1;Tcirg1;Krit1;Kif3a;Amotl2;Pdcd6ip;Gsn;Abl1;Actr3;Dynlt1;Fat1;Wdr1;Itgb1;Llgl1;Ndc80;Gsk3b;Ank3;Phldb2;Rhoa;Nsfl1c;Jam3;Sh3bp1;Gbf1;Gja1;Exoc4;Ezr;Ndel1,GO Slim,MITOvPHE_MITO
GOSLIM_EXTRACELLULAR_MATRIX_ORGANIZATION,0.3125,0.4276315789473684,0.12687572992985735,0.23440009908730125,1.0670969113363764,103,Col11a1;Col4a2;Fbln1;Nfkb2;Dag1;Pbxip1;Washc1;Fkbp10;Prdx4;Plod1;Col5a2;Abl1;Lamb2;Ddr2;Smad4;Col1a2;Cav2;Lamb1;Antxr2;Ccn2;Ero1a;Reck;Itgb1;Nid1;App;Lamc1;Smad3;Cst3;Lrp1,GO Slim,MITOvPHE_MITO
GOSLIM_GLYCOPROTEIN_METABOLIC_PROCESS,0.1489701743192449,0.3227687110250306,0.24924655438329513,0.27176775914134355,1.2554926057943412,116,Oga;Col11a1;Pmm1;Aga;Gpc1;Gns;Prkcsh;Ube2j1;Man2a2;Chpf;Golga2;B4gat1;Alg9;Galnt2;Pmm2;Rab1b;Alg2;Man1a2;Galns;Pofut1;Itm2c;Gmppa;Erp44;Pofut4;Reck;Arsb;Ago2;Mgat2;Cst3;Srd5a3;Npc1;Man1b1;Dpm3,GO Slim,MITOvPHE_MITO
GOSLIM_KETONE_METABOLIC_PROCESS,0.07989690721649484,0.20773195876288658,0.25720646646883816,0.3034476584942063,1.2826508919138448,70,Pdp1;Cpt1a;Plaa;Coq8b;Elovl5;Acadl;Nmt1;Ggcx;Coq9;Cbr3;Scp2;Oxct1;Hagh;Sirt2;Hsd17b10;Lonp2;Vkorc1l1;Acadvl;Aldoa;Nme2;Akr7a2;Fabp5;Ptgs2;Nqo1;Tpk1;Park7,GO Slim,MITOvPHE_MITO
GOSLIM_MITOCHONDRION_ORGANIZATION,0.1685082872928177,0.33366666666666667,0.1797823162983236,0.22030141693727956,1.1156639483606836,200,Agk;Uqcc4;Sod2;Cox17;Slc25a4;Hspd1;Cox7a2l;Atg3;Timm22;Chchd7;Gpx1;Ociad2;Dmac1;Chchd4;Jtb;Romo1;Chchd6;Cxadr;Ndufc2;Bax;Plaur;Uqcrfs1;Apool;Ndufs8;Timm10;Bloc1s2;Atp5if1;Cav2;Rhot2;Hsd17b10;Enpp1;Cdk5;Mtch2;Slc25a5;Vdac2;Stard7;Acaa2;Fam3a;Nol3;Aldh2;Gba1;Ndufs6;Stat2;Micos13;Hdac6;Smad3;Mfn2;Pnpt1;Gsk3b;Nectin2;Hk2,GO Slim,MITOvPHE_MITO
GOSLIM_MITOTIC_NUCLEAR_DIVISION,0.0358912232103461,0.11664647543362483,0.3217759180753611,-0.3232738696910598,-1.367419426346397,106,Ik;Numa1;Trip13;Hnrnpu;Cdc16;Rad21;Smc1a;Smarca5;Knstrn;Smc3;Nsmce2;Tom1l2;Clasp1;Rgcc;Clasp2;Reep3;Ppp2r1a;Ncapd2;Cdk1;Smc4;Ctdp1;Mad1l1;Ube2c;Kif4a;Ncapg;Chmp3;Chmp7;Cdc23;Rcc1;Mad2l1,GO Slim,MITOvPHE_MITO
GOSLIM_NUCLEOCYTOPLASMIC_TRANSPORT,2.1995806676029697e-5,1.906303245255907e-4,0.5756102610711286,-0.39565445705687896,-1.789190127737667,169,Lmna;Ppp1cc;Nolc1;Ncbp1;Nup50;Cse1l;Lsg1;Nsun2;Poldip3;Rangap1;Hnrnpa1;Hnrnpa2b1;Ddx39b;Sarnp;Sumo1;Ubr5;Nup98;Nup107;Fmr1;Kpna2;Alyref;Elavl1;Tardbp;Kpna2l1;Trim28;Cdkn1a;Iws1;Dhx9;Stk3;Prkaca;Nup133;Ranbp2;Ppp1r12a;Khdrbs1;Ipo13;Tnpo2;Rab18;Ddx19b;Ranbp3;Rab23;Nemf;Ssb;Pml;Nup155;Ppp2ca;Tnpo1;Akap5;Rbm8a;Apod;Nup54;Ufm1;Ddx39a;Cdk1;Ltv1;Kpna6;Nup93,GO Slim,MITOvPHE_MITO
GOSLIM_PEROXISOME_ORGANIZATION,0.49160671462829736,0.5557293295798144,0.08998607949971373,0.32409369483697037,0.9685587513309284,18,Rab8b;Plaat3;Lonp2;Pex3;Dnm1l,GO Slim,MITOvPHE_MITO
GOSLIM_PROTEIN_FOLDING,0.2210242587601078,0.338037101633106,0.15315880868307333,0.2295644050114158,1.0977192551325556,136,Ppia;Sdf2;Canx;Ppib;Hspd1;Chchd4;Dnajb11;Unc45b;Calr;St13;Sdf2l1;Fkbp10;Dnaja1;Hsp90ab1;B2m;Pdia3;Arl2;Hspe1;Fkbp4;Hsph1;Pfdn2;Erp44;Ero1a;Bag3;Hspa9;Chordc1;Grpel1;Grn;Hspb6;Pbdc1;Hspa5;Fkbp9,GO Slim,MITOvPHE_MITO
GOSLIM_PROTEIN_LOCALIZATION_TO_PLASMA_MEMBRANE,0.12921348314606743,0.3054136874361594,0.2089550275493539,0.23874164265600317,1.1665432238748161,158,Itga3;Rab31;Sqstm1;Sytl2;Vps4a;Tspan14;Stxbp1;Exoc5;Optn;Washc1;Bsg;Scp2;Sec16a;Rab8a;Camk2d;Golga4;Actr3;Cask;Efr3a;Pgrmc1;Camk2g;Vamp2;Csnk2a1;Commd1;Pdpk1;Cdk5;Wnk1;Tpbg;Vamp3;Itgb1;Plekhf1;Ikbkb;Gak;Fcho2;Lrp1;Dennd4c;Acsl3;Vamp8;Flna;Ank3;Prnp;Pacs2;Jup;Lama5;Picalm;Itgb1bp1;Ezr;Rock2;Cav3;Vti1b;Sec23a;Epb41l3;Cacnb3;Ptpn9;Scarb2;Zdhhc3;Cd81;Rac1;Rap1a;Palm,GO Slim,MITOvPHE_MITO
GOSLIM_RENAL_SYSTEM_PROCESS,0.021284503848737337,0.0790567285810244,0.35248785758361917,0.4678602853954186,1.600856721298145,29,Xpnpep3;Itga3;Gsn;Wfs1;Lgmn;Pkn1;Cd2ap;F2r;Comt;Clcn5,GO Slim,MITOvPHE_MITO
GOSLIM_RESPIRATORY_SYSTEM_PROCESS,0.20035149384885764,0.33366666666666667,0.1275053153001827,-0.4529547019867488,-1.2272886581670774,15,Gls;Ndufs4;Rab3a;Adh5;Zfand5,GO Slim,MITOvPHE_MITO
GOSLIM_RIBOSOME_BIOGENESIS,4.672256080245415e-8,1.214786580863808e-6,0.7195128263389107,-0.48711353637709137,-2.101199887456121,125,Rrp1b;Eif5b;Ddx21;Mybbp1a;Dkc1;Rpl11;Lsm6;Dhx30;Dis3;Sart1;Fbl;Lsg1;Wbp11;Snu13;Nop56;Nol9;Nop2;Nhp2;Bop1;Lyar;Nop58;Ncl;Rps7;Rpl38;Rps3a;Riok3;Rps27a;Pdcd2;Rps4x;Cul4a;Tsr1;Pih1d1;Rps27l;Rps17;Exosc9;Tsr2;Eif1ax;Las1l;Pa2g4;Rps24,GO Slim,MITOvPHE_MITO
GOSLIM_TELOMERE_ORGANIZATION,2.569843120209086e-4,0.001670398028135906,0.49849310876659025,-0.4903437031069181,-1.9090692374342566,64,Lmna;Hnrnpc;Dkc1;Terf2;Hnrnpu;Hnrnpa1;Nhp2;Hnrnpa2b1;Cct4;Parp1;Parp3;Apex1;Ylpm1;Nsmce2;Pml;Xrcc4;Actl6a;Mapk1;Hnrnpd;Gnl3;Xrcc1;Cdk2;Ruvbl1,GO Slim,MITOvPHE_MITO
GOSLIM_TRNA_METABOLIC_PROCESS,0.4407051282051282,0.5456349206349207,0.07417589655880091,-0.252233876019846,-1.0157664528420398,79,Lsm6;Nsun2;Pop1;Tars1;Polr2e;Elp2;Trmt61a;Farsb;Trmt2a;Ssb;Exosc9;Kars1;Rtraf;Exosc8;Elp3;Farsa;Rars2;Qars1;Urm1;Rnh1;Qtrt2;Thada;Ddx1;Iars1;Rars1,GO Slim,MITOvPHE_MITO
GOSLIM_VITAMIN_METABOLIC_PROCESS,0.2777777777777778,0.4012345679012346,0.12098514214525231,0.4489982447951406,1.1485111468609537,10,Cbr3;Rfk-ps3;Gsto1;Nfkb1;Tpk1,GO Slim,MITOvPHE_MITO
GOSLIM_WOUND_HEALING,0.48247978436657685,0.5557293295798144,0.09787732774245612,0.20881927919272283,0.9972201812918254,135,Ppia;Baiap2;Wfdc1;Kank1;Fbln1;Cd151;Prcp;Gpx1;Dag1;Stxbp1;Papss2;Chmp1a;Fkbp10;Actg1;Yap1;Pdia3;Cask;Prkce;Ddr2;Chmp2b;Serpinc1;Tmx1;F2r;F3;Myof;Thbs1;Chmp6;Itgb1,GO Slim,MITOvPHE_MITO
